time,a_x,a_y,a_z
0,0,0,0
4.7487905272454304e-05,-5.930005180481283e-06,-5.6057172145298e-17,0.0
0.0005223669579969973,-5.930005180481283e-06,-6.166288935993952e-16,0.0
0.005271157485242427,-5.930005180481283e-06,-6.2223461082520725e-15,0.0
0.05275906275769673,-5.930005180481283e-06,-6.22795182659494e-14,0.0
0.5276381154822397,-5.930005180481234e-06,-6.228512409599739e-13,0.0
5.276428642727669,-5.930005180476544e-06,-6.228568579602525e-12,0.0
52.764333915181965,-5.930005180007473e-06,-6.228575313341045e-11,0.0
527.6433866397249,-5.930005133100003e-06,-6.228587125615618e-10,0.0
5276.433913885154,-5.930000442078636e-06,-6.228696847373491e-09,0.0
52764.33918633945,-5.929531084757945e-06,-6.229508079249309e-08,0.0
146076.33918633946,-5.926368442228313e-06,-1.7246405479999825e-07,0.0
239388.33918633946,-5.920232757297482e-06,-2.8254436413280554e-07,0.0
332700.33918633946,-5.911124264291011e-06,-3.92428771446116e-07,0.0
426012.33918633946,-5.899048299523867e-06,-5.020099544903265e-07,0.0
519324.33918633946,-5.884015311091519e-06,-6.111807981061239e-07,0.0
612636.3391863394,-5.866040848598575e-06,-7.198346869107846e-07,0.0
705948.3391863394,-5.8451455327755795e-06,-8.278657971051465e-07,0.0
799260.3391863394,-5.821355005075426e-06,-9.351693858287944e-07,0.0
892572.3391863394,-5.794699857481757e-06,-1.041642076503087e-06,0.0
985884.3391863394,-5.765215542901027e-06,-1.147182138627688e-06,0.0
1079196.3391863394,-5.732942266645708e-06,-1.2516897605359075e-06,0.0
1172508.3391863394,-5.697924859647492e-06,-1.3550673136671027e-06,0.0
1265820.3391863394,-5.6602126341644094e-06,-1.457219606979873e-06,0.0
1359132.3391863394,-5.61985922286341e-06,-1.5580541302071394e-06,0.0
1452444.3391863394,-5.576922402268913e-06,-1.6574812847424255e-06,0.0
1545756.3391863394,-5.53146390166694e-06,-1.755414601044741e-06,0.0
1639068.3391863394,-5.483549198642796e-06,-1.8517709415561518e-06,0.0
1732380.3391863394,-5.43324730250702e-06,-1.9464706882402163e-06,0.0
1825692.3391863394,-5.380630526928871e-06,-2.0394379139695183e-06,0.0
1919004.3391863394,-5.325774253148565e-06,-2.1306005371152407e-06,0.0
2012316.3391863394,-5.268756685178207e-06,-2.2198904588195023e-06,0.0
2105628.3391863396,-5.209658598427262e-06,-2.3072436825607506e-06,0.0
2198940.3391863396,-5.1485630832011315e-06,-2.392600415752333e-06,0.0
2292252.3391863396,-5.085555284521282e-06,-2.47590515324307e-06,0.0
2385564.3391863396,-5.020722139702815e-06,-2.5571067427148777e-06,0.0
2478876.3391863396,-4.9541521151010646e-06,-2.6361584320951534e-06,0.0
2572188.3391863396,-4.885934943402909e-06,-2.7130178992191943e-06,0.0
2665500.3391863396,-4.816161362792451e-06,-2.787647264089781e-06,0.0
2758812.3391863396,-4.744922859264894e-06,-2.8600130841858832e-06,0.0
2852124.3391863396,-4.672311413297983e-06,-2.9300863333696375e-06,0.0
2945436.3391863396,-4.598419252018391e-06,-2.997842365029587e-06,0.0
3038748.3391863396,-4.523338607921875e-06,-3.0632608601780254e-06,0.0
3132060.3391863396,-4.447161485121912e-06,-3.1263257612908493e-06,0.0
3225372.3391863396,-4.369979434013361e-06,-3.187025192739283e-06,0.0
3318684.3391863396,-4.2918833351460375e-06,-3.245351368714036e-06,0.0
3411996.3391863396,-4.212963193009408e-06,-3.301300489583825e-06,0.0
3505308.3391863396,-4.133307940335006e-06,-3.3548726276620615e-06,0.0
3598620.3391863396,-4.05300525342816e-06,-3.4060716033777164e-06,0.0
3691932.3391863396,-3.972141378946771e-06,-3.454904852859616e-06,0.0
3785244.3391863396,-3.890800972452676e-06,-3.5013832879478943e-06,0.0
3878556.3391863396,-3.8090669489713245e-06,-3.545521149642447e-06,0.0
3971868.3391863396,-3.727020345709147e-06,-3.5873358559868346e-06,0.0
4065180.3391863396,-3.644740196995356e-06,-3.6268478453673785e-06,0.0
4158492.3391863396,-3.562303421436728e-06,-3.6640804161821548e-06,0.0
4251804.33918634,-3.4797847212006626e-06,-3.6990595638037405e-06,0.0
4345116.33918634,-3.3972564932735875e-06,-3.73181381572346e-06,0.0
4438428.33918634,-3.31478875247926e-06,-3.762374065724545e-06,0.0
4531740.33918634,-3.232449065984563e-06,-3.790773407887452e-06,0.0
4625052.33918634,-3.150302498969175e-06,-3.817046971183237e-06,0.0
4718364.33918634,-3.0684115710902953e-06,-3.84123175536138e-06,0.0
4811676.33918634,-2.9868362233340534e-06,-3.8633664687869614e-06,0.0
4904988.33918634,-2.905633794811462e-06,-3.883491368829511e-06,0.0
4998300.33918634,-2.824859009028603e-06,-3.901648105352605e-06,0.0
5091612.33918634,-2.744563969137938e-06,-3.917879567800029e-06,0.0
5184924.33918634,-2.6647981616599813e-06,-3.932229736321331e-06,0.0
5278236.33918634,-2.585608468151874e-06,-3.9447435373274515e-06,0.0
5371548.33918634,-2.5070391842911952e-06,-3.9554667038161905e-06,0.0
5464860.33918634,-2.4291320458396026e-06,-3.964445640757843e-06,0.0
5558172.33918634,-2.3519262609509104e-06,-3.971727295783669e-06,0.0
5651484.33918634,-2.2754585482920583e-06,-3.977359035374423e-06,0.0
5744796.33918634,-2.1997631804523604e-06,-3.981388526702727e-06,0.0
5838108.33918634,-2.124872032126467e-06,-3.9838636252423545e-06,0.0
5931420.33918634,-2.050814632568979e-06,-3.9848322682190505e-06,0.0
6024732.33918634,-1.977618221833499e-06,-3.984342373941861e-06,0.0
6118044.33918634,-1.9053078103256754e-06,-3.98244174702091e-06,0.0
6211356.33918634,-1.8339062412182004e-06,-3.979177989447239e-06,0.0
6304668.33918634,-1.7634342552954328e-06,-3.974598417482656e-06,0.0
6397980.33918634,-1.6939105578161856e-06,-3.968749984282608e-06,0.0
6491292.33918634,-1.6253518870047247e-06,-3.961679208152617e-06,0.0
6584604.33918634,-1.5577730838023115e-06,-3.953432106319079e-06,0.0
6677916.33918634,-1.4911871625340202e-06,-3.944054134077697e-06,0.0
6771228.33918634,-1.4256053821683054e-06,-3.9335901291678514e-06,0.0
6864540.33918634,-1.361037317869332e-06,-3.922084261208244e-06,0.0
6957852.33918634,-1.2974909325645417e-06,-3.909579986018557e-06,0.0
7051164.33918634,-1.2349726482719583e-06,-3.8961200046429615e-06,0.0
7144476.33918634,-1.173487416953339e-06,-3.881746226884519e-06,0.0
7237788.33918634,-1.11303879068029e-06,-3.8664997391542804e-06,0.0
7331100.33918634,-1.0536289909207918e-06,-3.8504207764352805e-06,0.0
7424412.33918634,-9.95258976773204e-07,-3.833548698159538e-06,0.0
7517724.33918634,-9.37928511993563e-07,-3.8159219677952665e-06,0.0
7611036.33918634,-8.816362306799634e-07,-3.797578135941973e-06,0.0
7704348.33918634,-8.263797014948272e-07,-3.7785538267325396e-06,0.0
7797660.33918634,-7.721554903219856e-07,-3.7588847273437458e-06,0.0
7890972.33918634,-7.189592212707229e-07,-3.7386055804200834e-06,0.0
7984284.33918634,-6.667856359531507e-07,-3.717750179219556e-06,0.0
8077596.33918634,-6.156286509746406e-07,-3.696351365294934e-06,0.0
8170908.33918634,-5.654814135894178e-07,-3.6744410285290035e-06,0.0
8264220.33918634,-5.163363554849309e-07,-3.6520501093480733e-06,0.0
8357532.33918634,-4.681852446691993e-07,-3.6292086029439098e-06,0.0
8450844.33918634,-4.210192354450988e-07,-3.6059455653406966e-06,0.0
8544156.33918634,-3.748289164644395e-07,-3.582289121149997e-06,0.0
8637468.33918634,-3.2960435686280016e-07,-3.5582664728635275e-06,0.0
8730780.33918634,-2.853351504834247e-07,-3.533903911540231e-06,0.0
8824092.33918634,-2.420104582050866e-07,-3.509226828751093e-06,0.0
8917404.33918634,-1.9961904839473146e-07,-3.4842597296519064e-06,0.0
9010716.33918634,-1.5814933551096923e-07,-3.459026247061101e-06,0.0
9104028.33918634,-1.1758941688910707e-07,-3.4335491564264445e-06,0.0
9197340.33918634,-7.792710774247139e-08,-3.4078503915711253e-06,0.0
9290652.33918634,-3.914997441826738e-08,-3.3819510611162487e-06,0.0
9383964.33918634,-1.2453659492214278e-09,-3.355871465483088e-06,0.0
9477276.33918634,3.579955605521695e-08,-3.3296311143847896e-06,0.0
9570588.33918634,7.199778913225134e-08,-3.3032487447230495e-06,0.0
9663900.33918634,1.0736246325613664e-07,-3.276742338811291e-06,0.0
9757212.33918634,1.4190681564672275e-07,-3.2501291428513177e-06,0.0
9850524.33918634,1.7564416704628342e-07,-3.2234256855959417e-06,0.0
9943836.33918634,2.0858789941408984e-07,-3.19664779713513e-06,0.0
10037148.33918634,2.4075143498779166e-07,-3.1698106277482475e-06,0.0
10130460.33918634,2.721482166605172e-07,-3.142928666769611e-06,0.0
10223772.33918634,3.0279168962268273e-07,-3.116015761419089e-06,0.0
10317084.33918634,3.3269528421777926e-07,-3.089085135553693e-06,0.0
10410396.33918634,3.618723999618648e-07,-3.0621494083001914e-06,0.0
10503708.33918634,3.903363906771008e-07,-3.035220612532485e-06,0.0
10597020.33918634,4.181005506904353e-07,-3.0083102131611753e-06,0.0
10690332.33918634,4.4517810204939676e-07,-2.9814291252060044e-06,0.0
10783644.33918634,4.7158218270795884e-07,-2.9545877316251625e-06,0.0
10876956.33918634,4.973258356364849e-07,-2.9277959008782636e-06,0.0
10970268.33918634,5.224219988109152e-07,-2.901063004202684e-06,0.0
11063580.33918634,5.468834960375573e-07,-2.874397932585495e-06,0.0
11156892.33918634,5.70723028571086e-07,-2.8478091134156145e-06,0.0
11250204.33918634,5.939531674846606e-07,-2.8213045268030975e-06,0.0
11343516.33918634,6.165863467523711e-07,-2.794891721554489e-06,0.0
11436828.33918634,6.386348570055706e-07,-2.7685778307951372e-06,0.0
11530140.33918634,6.601108399260019e-07,-2.742369587231114e-06,0.0
11623452.33918634,6.810262832399729e-07,-2.7162733380450187e-06,0.0
11716764.33918634,7.013930162791878e-07,-2.690295059421433e-06,0.0
11810076.33918634,7.212227060752025e-07,-2.664440370699212e-06,0.0
11903388.33918634,7.405268539557738e-07,-2.6387145481489623e-06,0.0
11996700.33918634,7.593167926127193e-07,-2.613122538375305e-06,0.0
12090012.33918634,7.776036836121777e-07,-2.587668971344461e-06,0.0
12183324.33918634,7.953985153194465e-07,-2.5623581730387196e-06,0.0
12276636.33918634,8.127121012118052e-07,-2.5371941777401204e-06,0.0
12369948.33918634,8.295550785539617e-07,-2.5121807399465063e-06,0.0
12463260.33918634,8.459379074119369e-07,-2.4873213459237353e-06,0.0
12556572.33918634,8.618708699823586e-07,-2.4626192248984675e-06,0.0
12649884.33918634,8.773640702152578e-07,-2.438077359896477e-06,0.0
12743196.33918634,8.924274337095435e-07,-2.413698498231897e-06,0.0
12836508.33918634,9.07070707861385e-07,-2.3894851616532348e-06,0.0
12929820.33918634,9.213034622467447e-07,-2.3654396561523263e-06,0.0
13023132.33918634,9.351350892202825e-07,-2.3415640814427193e-06,0.0
13116444.33918634,9.485748047138024e-07,-2.317860340114229e-06,0.0
13209756.33918634,9.616316492183083e-07,-2.2943301464706086e-06,0.0
13303068.33918634,9.74314488934621e-07,-2.270975035057466e-06,0.0
13396380.33918634,9.866320170783387e-07,-2.2477963688876904e-06,0.0
13489692.33918634,9.985927553257254e-07,-2.224795347371751e-06,0.0
13583004.33918634,1.0102050553878855e-06,-2.201973013960297e-06,0.0
13676316.33918634,1.0214771007013082e-06,-2.179330263506547e-06,0.0
13769628.33918634,1.0324169082235875e-06,-2.156867849355976e-06,0.0
13862940.33918634,1.043032330323767e-06,-2.1345863901707752e-06,0.0
13956252.33918634,1.053331056757426e-06,-2.112486376496587e-06,0.0
14049564.33918634,1.0633206167172157e-06,-2.0905681770789215e-06,0.0
14142876.33918634,1.0730083809501423e-06,-2.0688320449366475e-06,0.0
14236188.33918634,1.0824015639334443e-06,-2.04727812319985e-06,0.0
14329500.33918634,1.0915072261014432e-06,-2.025906450719272e-06,0.0
14422812.33918634,1.1003322761162282e-06,-2.004716967454457e-06,0.0
14516124.33918634,1.1088834731755359e-06,-1.983709519647608e-06,0.0
14609436.33918634,1.1171674293516108e-06,-1.9628838647900524e-06,0.0
14702748.33918634,1.1251906119552708e-06,-1.9422396763880874e-06,0.0
14796060.33918634,1.1329593459198045e-06,-1.9217765485348484e-06,0.0
14889372.33918634,1.1404798161997024e-06,-1.901494000294705e-06,0.0
14982684.33918634,1.1477580701795928e-06,-1.881391479906555e-06,0.0
15075996.33918634,1.154800020089085e-06,-1.8614683688122331e-06,0.0
15169308.33918634,1.161611445419559e-06,-1.8417239855161238e-06,0.0
15262620.33918634,1.1681979953392248e-06,-1.822157589281904e-06,0.0
15355932.33918634,1.1745651911030735e-06,-1.802768383672185e-06,0.0
15449244.33918634,1.1807184284546156e-06,-1.7835555199366995e-06,0.0
15542556.33918634,1.1866629800165478e-06,-1.7645181002545108e-06,0.0
15635868.33918634,1.19240399766772e-06,-1.7456551808355553e-06,0.0
15729180.33918634,1.1979465149040344e-06,-1.7269657748867265e-06,0.0
15822492.33918634,1.2032954491810678e-06,-1.708448855447497e-06,0.0
15915804.33918634,1.2084556042364516e-06,-1.6901033580999815e-06,0.0
16009116.33918634,1.2134316723902126e-06,-1.6719281835581717e-06,0.0
16102428.33918634,1.218228236821441e-06,-1.653922200140923e-06,0.0
16195740.33918634,1.2228497738198364e-06,-1.636084246133148e-06,0.0
16289052.33918634,1.2273006550108213e-06,-1.6184131320395217e-06,0.0
16382364.33918634,1.2315851495530594e-06,-1.6009076427348627e-06,0.0
16475676.33918634,1.235707426307349e-06,-1.5835665395152265e-06,0.0
16568988.33918634,1.2396715559759874e-06,-1.5663885620536108e-06,0.0
16662300.33918634,1.2434815132118124e-06,-1.5493724302640342e-06,0.0
16755612.33918634,1.247141178696249e-06,-1.5325168460776385e-06,0.0
16848924.33918634,1.2506543411857749e-06,-1.5158204951343302e-06,0.0
16942236.33918634,1.2540246995263222e-06,-1.4992820483933535e-06,0.0
17035548.33918634,1.2572558646352144e-06,-1.4829001636660725e-06,0.0
17128860.33918634,1.2603513614503192e-06,-1.4666734870741246e-06,0.0
17222172.33918634,1.2633146308461871e-06,-1.4506006544360013e-06,0.0
17315484.33918634,1.26614903151698e-06,-1.4346802925849807e-06,0.0
17408796.33918634,1.2688578418261005e-06,-1.4189110206212644e-06,0.0
17502108.33918634,1.2714442616224618e-06,-1.403291451101032e-06,0.0
17595420.33918634,1.273911414023403e-06,-1.387820191165055e-06,0.0
17688732.33918634,1.2762623471643054e-06,-1.3724958436093962e-06,0.0
17782044.33918634,1.2785000359150113e-06,-1.3573170079006362e-06,0.0
17875356.33918634,1.2806273835631856e-06,-1.342282281137975e-06,0.0
17968668.33918634,1.2826472234648037e-06,-1.3273902589644607e-06,0.0
18061980.33918634,1.2845623206619756e-06,-1.312639536429525e-06,0.0
18155292.33918634,1.2863753734683654e-06,-1.2980287088049151e-06,0.0
18248604.33918634,1.2880890150224733e-06,-1.2835563723560209e-06,0.0
18341916.33918634,1.2897058148090889e-06,-1.269221125070546e-06,0.0
18435228.33918634,1.2912282801492433e-06,-1.2550215673463635e-06,0.0
18528540.33918634,1.2926588576590044e-06,-1.240956302640351e-06,0.0
18621852.33918634,1.293999934677488e-06,-1.2270239380799143e-06,0.0
18715164.33918634,1.2952538406644655e-06,-1.2132230850388463e-06,0.0
18808476.33918634,1.2964228485679704e-06,-1.1995523596791076e-06,0.0
18901788.33918634,1.2975091761623139e-06,-1.1860103834600401e-06,0.0
18995100.33918634,1.2985149873569335e-06,-1.1725957836164787e-06,0.0
19088412.33918634,1.2994423934765074e-06,-1.1593071936071496e-06,0.0
19181724.33918634,1.3002934545127834e-06,-1.146143253534717e-06,0.0
19275036.33918634,1.3010701803485623e-06,-1.1331026105387464e-06,0.0
19368348.33918634,1.301774531954289e-06,-1.12018391916283e-06,0.0
19461660.33918634,1.3024084225577285e-06,-1.1073858416970674e-06,0.0
19554972.33918634,1.302973718787161e-06,-1.094707048497022e-06,0.0
19648284.33918634,1.3034722417885888e-06,-1.0821462182802613e-06,0.0
19741596.33918634,1.3039057683174026e-06,-1.0697020384015134e-06,0.0
19834908.33918634,1.3042760318049775e-06,-1.0573732051074484e-06,0.0
19928220.33918634,1.3045847234006846e-06,-1.045158423772052e-06,0.0
20021532.33918634,1.304833492989747e-06,-1.0330564091134908e-06,0.0
20114844.33918634,1.3050239501874436e-06,-1.0210658853933787e-06,0.0
20208156.33918634,1.3051576653101018e-06,-1.0091855865992695e-06,0.0
20301468.33918634,1.3052361703233412e-06,-9.974142566111955e-07,0.0
20394780.33918634,1.305260959768028e-06,-9.857506493530198e-07,0.0
20488092.33918634,1.3052334916643985e-06,-9.741935289293573e-07,0.0
20581404.33918634,1.3051551883947888e-06,-9.627416697487612e-07,0.0
20674716.33918634,1.3050274375654257e-06,-9.513938566338637e-07,0.0
20768028.33918634,1.3048515928477156e-06,-9.40148884919125e-07,0.0
20861340.33918634,1.3046289747994653e-06,-9.290055605368059e-07,0.0
20954652.33918634,1.304360871666465e-06,-9.179627000917655e-07,0.0
21047964.33918634,1.3040485401648602e-06,-9.070191309256572e-07,0.0
21141276.33918634,1.3036932062447282e-06,-8.96173691171067e-07,0.0
21234588.33918634,1.303296065835273e-06,-8.854252297961126e-07,0.0
21327900.33918634,1.3028582855720444e-06,-8.747726066400098e-07,0.0
21421212.33918634,1.3023810035065852e-06,-8.642146924400812e-07,0.0
21514524.33918634,1.3018653297988964e-06,-8.537503688506631e-07,0.0
21607836.33918634,1.301312347393106e-06,-8.433785284543442e-07,0.0
21701148.33918634,1.3007231126767358e-06,-8.330980747659659e-07,0.0
21794460.33918634,1.3000986561239184e-06,-8.229079222297641e-07,0.0
21887772.33918634,1.299439982922959e-06,-8.128069962100526e-07,0.0
21981084.33918634,1.2987480735885811e-06,-8.027942329757988e-07,0.0
22074396.33918634,1.2980238845592231e-06,-7.928685796794442e-07,0.0
22167708.33918634,1.2972683487797328e-06,-7.830289943303043e-07,0.0
22261020.33918634,1.2964823762697936e-06,-7.732744457628581e-07,0.0
22354332.33918634,1.2956668546784327e-06,-7.636039136002403e-07,0.0
22447644.33918634,1.2948226498249224e-06,-7.540163882132121e-07,0.0
22540956.33918634,1.2939506062264108e-06,-7.445108706748998e-07,0.0
22634268.33918634,1.2930515476125842e-06,-7.350863727115507e-07,0.0
22727580.33918634,1.2921262774276862e-06,-7.257419166495728e-07,0.0
22820892.33918634,1.2911755793201787e-06,-7.164765353590807e-07,0.0
22914204.33918634,1.290200217620353e-06,-7.072892721941895e-07,0.0
23007516.33918634,1.289200937806178e-06,-6.981791809302679e-07,0.0
23100828.33918634,1.2881784669576665e-06,-6.89145325698359e-07,0.0
23194140.33918634,1.2871335142000418e-06,-6.801867809169665e-07,0.0
23287452.33918634,1.2860667711359688e-06,-6.713026312213946e-07,0.0
23380764.33918634,1.2849789122671224e-06,-6.624919713908193e-07,0.0
23474076.33918634,1.283870595405352e-06,-6.537539062732671e-07,0.0
23567388.33918634,1.2827424620736937e-06,-6.450875507086574e-07,0.0
23660700.33918634,1.2815951378974754e-06,-6.364920294500661e-07,0.0
23754012.33918634,1.2804292329857613e-06,-6.279664770833556e-07,0.0
23847324.33918634,1.2792453423033796e-06,-6.195100379453187e-07,0.0
23940636.33918634,1.278044046033745e-06,-6.111218660404556e-07,0.0
24033948.33918634,1.2768259099327265e-06,-6.028011249565266e-07,0.0
24127260.33918634,1.2755914856737608e-06,-5.94546987778986e-07,0.0
24220572.33918634,1.2743413111844421e-06,-5.863586370044229e-07,0.0
24313884.33918634,1.273075910974789e-06,-5.782352644531111e-07,0.0
24407196.33918634,1.2717957964573964e-06,-5.70176071180771e-07,0.0
24500508.33918634,1.2705014662596823e-06,-5.621802673896463e-07,0.0
24593820.33918634,1.2691934065284068e-06,-5.542470723389805e-07,0.0
24687132.33918634,1.2678720912266754e-06,-5.463757142549889e-07,0.0
24780444.33918634,1.266537982423596e-06,-5.385654302404023e-07,0.0
24873756.33918634,1.2651915305767894e-06,-5.308154661836688e-07,0.0
24967068.33918634,1.2638331748079093e-06,-5.23125076667879e-07,0.0
25060380.33918634,1.2624633431713642e-06,-5.154935248794942e-07,0.0
25153692.33918634,1.2610824529164053e-06,-5.079200825169398e-07,0.0
25247004.33918634,1.2596909107427393e-06,-5.004040296991266e-07,0.0
25340316.33918634,1.2582891130498298e-06,-4.929446548739609e-07,0.0
25433628.33918634,1.256877446180055e-06,-4.855412547269026e-07,0.0
25526940.33918634,1.2554562866558582e-06,-4.781931340896173e-07,0.0
25620252.33918634,1.2540260014110515e-06,-4.708996058487793e-07,0.0
25713564.33918634,1.252586948016417e-06,-4.6365999085506983e-07,0.0
25806876.33918634,1.2511394748997415e-06,-4.564736178324136e-07,0.0
25900188.33918634,1.2496839215604377e-06,-4.493398232874995e-07,0.0
25993500.33918634,1.2482206187788642e-06,-4.422579514196191e-07,0.0
26086812.33918634,1.2467498888205015e-06,-4.352273540308653e-07,0.0
26180124.33918634,1.245272045635093e-06,-4.2824739043672113e-07,0.0
26273436.33918634,1.243787395050886e-06,-4.213174273770749e-07,0.0
26366748.33918634,1.242296234964095e-06,-4.14436838927689e-07,0.0
26460060.33918634,1.240798855523698e-06,-4.076050064121505e-07,0.0
26553372.33918634,1.2392955393116945e-06,-4.008213183143349e-07,0.0
26646684.33918634,1.2377865615189232e-06,-3.9408517019139816e-07,0.0
26739996.33918634,1.2362721901165677e-06,-3.8739596458733017e-07,0.0
26833308.33918634,1.2347526860234422e-06,-3.8075311094708487e-07,0.0
26926620.33918634,1.2332283032691673e-06,-3.7415602553130585e-07,0.0
27019932.33918634,1.2316992891533406e-06,-3.676041313316699e-07,0.0
27113244.33918634,1.230165884400799e-06,-3.6109685798686195e-07,0.0
27206556.33918634,1.2286283233130705e-06,-3.546336416991976e-07,0.0
27299868.33918634,1.227086833916111e-06,-3.4821392515190886e-07,0.0
27393180.33918634,1.2255416381044108e-06,-3.4183715742710176e-07,0.0
27486492.33918634,1.2239929517815764e-06,-3.355027939244036e-07,0.0
27579804.33918634,1.2224409849974573e-06,-3.292102962803052e-07,0.0
27673116.33918634,1.220885942081916e-06,-3.2295913228821043e-07,0.0
27766428.33918634,1.2193280217753168e-06,-3.167487758192009e-07,0.0
27859740.33918634,1.2177674173558198e-06,-3.1057870674352397e-07,0.0
27953052.33918634,1.216204316763552e-06,-3.0444841085280945e-07,0.0
28046364.33918634,1.214638902721743e-06,-2.9835737978302267e-07,0.0
28139676.33918634,1.2130713528548887e-06,-2.923051109381584e-07,0.0
28232988.33918634,1.2115018398040195e-06,-2.862911074146777e-07,0.0
28326300.33918634,1.2099305313391562e-06,-2.80314877926697e-07,0.0
28419612.33918634,1.2083575904690003e-06,-2.743759367319256e-07,0.0
28512924.33918634,1.2067831755479455e-06,-2.684738035583576e-07,0.0
28606236.33918634,1.2052074403804688e-06,-2.626080035317211e-07,0.0
28699548.33918634,1.2036305343229612e-06,-2.567780671036814e-07,0.0
28792860.33918634,1.2020526023830727e-06,-2.509835299808036e-07,0.0
28886172.33918634,1.2004737853166184e-06,-2.4522393305427114e-07,0.0
28979484.33918634,1.1988942197221127e-06,-2.3949882233036096e-07,0.0
29072796.33918634,1.197314038132993e-06,-2.338077488616761e-07,0.0
29166108.33918634,1.195733369107577e-06,-2.2815026867913067e-07,0.0
29259420.33918634,1.19415233731682e-06,-2.2252594272468872e-07,0.0
29352732.33918634,1.1925710636299236e-06,-2.1693433678485382e-07,0.0
29446044.33918634,1.19098966519784e-06,-2.1137502142490619e-07,0.0
29539356.33918634,1.1894082555347357e-06,-2.0584757192388574e-07,0.0
29632668.33918634,1.187826944597449e-06,-2.0035156821031655e-07,0.0
29725980.33918634,1.1862458388630059e-06,-1.948865947986708e-07,0.0
29819292.33918634,1.1846650414042238e-06,-1.8945224072656678e-07,0.0
29912604.33918634,1.1830846519634666e-06,-1.840480994926989e-07,0.0
30005916.33918634,1.1815047670245812e-06,-1.7867376899549372e-07,0.0
30099228.33918634,1.1799254798830652e-06,-1.733288514724885e-07,0.0
30192540.33918634,1.1783468807145113e-06,-1.6801295344042733e-07,0.0
30285852.33918634,1.1767690566413607e-06,-1.6272568563607033e-07,0.0
30379164.33918634,1.175192091798015e-06,-1.5746666295771014e-07,0.0
30472476.33918634,1.1736160673943404e-06,-1.522355044073916e-07,0.0
30565788.33918634,1.1720410617776024e-06,-1.4703183303382752e-07,0.0
30659100.33918634,1.1704671504928695e-06,-1.418552758760075e-07,0.0
30752412.33918634,1.1688944063419239e-06,-1.3670546390749134e-07,0.0
30845724.33918634,1.1673228994407119e-06,-1.315820319813843e-07,0.0
30939036.33918634,1.1657526972753672e-06,-1.2648461877598517e-07,0.0
31032348.33918634,1.1641838647568442e-06,-1.2141286674110406e-07,0.0
31125660.33918634,1.1626164642741904e-06,-1.1636642204504171e-07,0.0
31218972.33918634,1.1610505557464962e-06,-1.1134493452222594e-07,0.0
31312284.33918634,1.1594861966735403e-06,-1.0634805762149709e-07,0.0
31405596.33918634,1.1579234421851765e-06,-1.013754483550383e-07,0.0
31498908.33918634,1.1563623450894828e-06,-9.642676724794273e-08,0.0
31592220.33918634,1.1548029559196935e-06,-9.150167828841165e-08,0.0
31685532.33918634,1.1532453229799658e-06,-8.659984887857813e-08,0.0
31778844.33918634,1.1516894923899809e-06,-8.172094978594789e-08,0.0
31872156.33918634,1.1501355081284257e-06,-7.686465509545275e-08,0.0
31965468.33918634,1.1485834120753718e-06,-7.203064216210902e-08,0.0
32058780.33918634,1.1470332440535792e-06,-6.721859156427471e-08,0.0
32152092.33918634,1.1454850418687464e-06,-6.2428187057499e-08,0.0
32245404.33918634,1.14393884134874e-06,-5.765911552895749e-08,0.0
32338716.33918634,1.1423946763818154e-06,-5.291106695246664e-08,0.0
32432028.33918634,1.1408525789538572e-06,-4.818373434407083e-08,0.0
32525340.33918634,1.139312579184661e-06,-4.3476813718195606e-08,0.0
32618652.33918634,1.1377747053632797e-06,-3.8790004044360624e-08,0.0
32711964.33918634,1.1362389839824505e-06,-3.412300720444579e-08,0.0
32805276.33918634,1.1347054397721278e-06,-2.9475527950503905e-08,0.0
32898588.33918634,1.133174095732139e-06,-2.484727386311382e-08,0.0
32991900.33918634,1.1316449731639848e-06,-2.023795531026724e-08,0.0
33085212.33918634,1.1301180917018e-06,-1.564728540678303e-08,0.0
33178524.33918634,1.128593469342496e-06,-1.1074979974242582e-08,0.0
33271836.33918634,1.127071122475103e-06,-6.520757501439975e-09,0.0
33365148.33918634,1.1255510659093245e-06,-1.9843391053405344e-09,0.0
33458460.33918634,1.1240333129033315e-06,2.534551507458347e-09,0.0
33551772.33918634,1.1225178751907971e-06,7.036188078770414e-09,0.0
33645084.33918634,1.1210047630072046e-06,1.1520841836373886e-08,0.0
33738396.33918634,1.119493985115434e-06,1.5988781531081077e-08,0.0
33831708.33918634,1.117985548830646e-06,2.0440273473330376e-08,0.0
33925020.33918634,1.116479460044477e-06,2.487558156930661e-08,0.0
34018332.33918634,1.11497572324856e-06,2.9294967356595707e-08,0.0
34111644.33918634,1.1134743415573877e-06,3.3698690039379624e-08,0.0
34204956.33918634,1.1119753167305275e-06,3.8087006523177454e-08,0.0
34298268.33918634,1.1104786491942074e-06,4.2460171449138455e-08,0.0
34391580.33918634,1.1089843380622788e-06,4.6818437227892745e-08,0.0
34484892.33918634,1.1074923811565744e-06,5.116205407296539e-08,0.0
34578204.33918634,1.1060027750266719e-06,5.54912700337595e-08,0.0
34671516.33918634,1.1045155149690776e-06,5.980633102811422e-08,0.0
34764828.33918634,1.1030305950458323e-06,6.410748087444219e-08,0.0
34858140.33918634,1.101548008102571e-06,6.839496132345351e-08,0.0
34951452.33918634,1.1000677457860206e-06,7.266901208946995e-08,0.0
35044764.33918634,1.0985897985609704e-06,7.692987088133588e-08,0.0
35138076.33918634,1.0971141557267124e-06,8.117777343293075e-08,0.0
35231388.33918634,1.0956408054329664e-06,8.541295353328837e-08,0.0
35324700.33918634,1.094169734695297e-06,8.963564305632818e-08,0.0
35418012.33918634,1.0927009294100358e-06,9.384607199020351e-08,0.0
35511324.33918634,1.0912343743687194e-06,9.804446846627235e-08,0.0
35604636.33918634,1.0897700532720418e-06,1.0223105878769442e-07,0.0
35697948.33918634,1.0883079487433462e-06,1.0640606745766098e-07,0.0
35791260.33918634,1.0868480423416504e-06,1.1056971720726078e-07,0.0
35884572.33918634,1.0853903145742248e-06,1.1472222902298798e-07,0.0
35977884.33918634,1.0839347449087255e-06,1.1886382217389618e-07,0.0
36071196.33918634,1.0824813117848894e-06,1.2299471423840326e-07,0.0
36164508.33918634,1.0810299926258058e-06,1.2711512113075163e-07,0.0
36257820.33918634,1.079580763848765e-06,1.312252571271286e-07,0.0
36351132.33918634,1.0781336008756957e-06,1.3532533489145103e-07,0.0
36444444.33918634,1.0766884781431942e-06,1.3941556550081865e-07,0.0
36537756.33918634,1.0752453691121584e-06,1.434961584706405e-07,0.0
36631068.33918634,1.0738042462770297e-06,1.4756732177943904e-07,0.0
36724380.33918634,1.0723650811746418e-06,1.5162926189333466e-07,0.0
36817692.33918634,1.0709278443927042e-06,1.5568218379021724e-07,0.0
36911004.33918634,1.0694925055779015e-06,1.5972629098360635e-07,0.0
37004316.33918634,1.0680590334436277e-06,1.6376178554620488e-07,0.0
37097628.33918634,1.0666273957773647e-06,1.6778886813315114e-07,0.0
37190940.33918634,1.0651975594477005e-06,1.7180773800497142e-07,0.0
37284252.33918634,1.0637694904109975e-06,1.7581859305023808e-07,0.0
37377564.33918634,1.062343153717722e-06,1.7982162980793688e-07,0.0
37470876.33918634,1.0609185135184238e-06,1.838170434895456e-07,0.0
37564188.33918634,1.0594955330693923e-06,1.8780502800083039e-07,0.0
37657500.33918634,1.0580741747379736e-06,1.9178577596336008e-07,0.0
37750812.33918634,1.056654400007571e-06,1.9575947873574514e-07,0.0
37844124.33918634,1.055236169482319e-06,1.9972632643460198e-07,0.0
37937436.33918634,1.0538194428914408e-06,2.0368650795524705e-07,0.0
38030748.33918634,1.0524041790933016e-06,2.0764021099212537e-07,0.0
38124060.33918634,1.0509903360791439e-06,2.1158762205897317e-07,0.0
38217372.33918634,1.049577870976527e-06,2.1552892650872203e-07,0.0
38310684.33918634,1.048166740052463e-06,2.1946430855314387e-07,0.0
38403996.33918634,1.0467568987162547e-06,2.233939512822424e-07,0.0
38497308.33918634,1.0453483015220492e-06,2.2731803668339285e-07,0.0
38590620.33918634,1.0439409021710886e-06,2.3123674566023214e-07,0.0
38683932.33918634,1.0425346535136901e-06,2.3515025805130512e-07,0.0
38777244.33918634,1.0411295075509308e-06,2.390587526484651e-07,0.0
38870556.33918634,1.0397254154360603e-06,2.429624072150363e-07,0.0
38963868.33918634,1.038322327475634e-06,2.4686139850373697e-07,0.0
39057180.33918634,1.036920193130373e-06,2.5075590227436796e-07,0.0
39150492.33918634,1.035518961015753e-06,2.5464609331126855e-07,0.0
39243804.33918634,1.0341185789023254e-06,2.5853214544054207e-07,0.0
39337116.33918634,1.0327189937157704e-06,2.624142315470528e-07,0.0
39430428.33918634,1.0313201515366897e-06,2.662925235911984e-07,0.0
39523740.33918634,1.0299219976001374e-06,2.7016719262545873e-07,0.0
39617052.33918634,1.0285244762948874e-06,2.7403840881072264e-07,0.0
39710364.33918634,1.0271275311624513e-06,2.77906341432397e-07,0.0
39803676.33918634,1.0257311048958362e-06,2.817711589162978e-07,0.0
39896988.33918634,1.0243351393380519e-06,2.856330288443272e-07,0.0
39990300.33918634,1.0229395754803658e-06,2.8949211796993656e-07,0.0
40083612.33918634,1.0215443534603088e-06,2.9334859223337917e-07,0.0
40176924.33918634,1.020149412559434e-06,2.972026167767531e-07,0.0
40270236.33918634,1.0187546912008294e-06,3.010543559588372e-07,0.0
40363548.33918634,1.0173601269463844e-06,3.0490397336972024e-07,0.0
40456860.33918634,1.015965656493815e-06,3.0875163184522675e-07,0.0
40550172.33918634,1.0145712156734446e-06,3.1259749348113953e-07,0.0
40643484.33918634,1.0131767394447464e-06,3.164417196472214e-07,0.0
40736796.33918634,1.0117821618926427e-06,3.202844710010364e-07,0.0
40830108.33918634,1.010387416223571e-06,3.241259075015744e-07,0.0
40923420.33918634,1.0089924347613042e-06,3.279661884226759e-07,0.0
41016732.33918634,1.0075971489425445e-06,3.318054723662645e-07,0.0
41110044.33918634,1.0062014893122689e-06,3.356439172753806e-07,0.0
41203356.33918634,1.0048053855188499e-06,3.3948168044702553e-07,0.0
41296668.33918634,1.0034087663089358e-06,3.4331891854481056e-07,0.0
41389980.33918634,1.0020115595220986e-06,3.471557876114158e-07,0.0
41483292.33918634,1.0006136920852461e-06,3.509924430808575e-07,0.0
41576604.33918634,9.99215090006806e-07,3.548290397905665e-07,0.0
41669916.33918634,9.978156783706677e-07,3.5866573199327726e-07,0.0
41763228.33918634,9.964153813299046e-07,3.6250267336872925e-07,0.0
41856540.33918634,9.950141221002493e-07,3.663400170351795e-07,0.0
41949852.33918634,9.93611822953347e-07,3.701779155607296e-07,0.0
42043164.33918634,9.922084052097746e-07,3.740165209744662e-07,0.0
42136476.33918634,9.908037892318236e-07,3.778559847774138e-07,0.0
42229788.33918634,9.893978944160545e-07,3.816964579533041e-07,0.0
42323100.33918634,9.87990639185618e-07,3.855380909791588e-07,0.0
42416412.33918634,9.865819409823415e-07,3.8938103383568726e-07,0.0
42509724.33918634,9.851717162585858e-07,3.932254360175001e-07,0.0
42603036.33918634,9.837598804688674e-07,3.9707144654313743e-07,0.0
42696348.33918634,9.823463480612452e-07,4.009192139649121e-07,0.0
42789660.33918634,9.809310324684763e-07,4.047688863785689e-07,0.0
42882972.33918634,9.79513846098934e-07,4.086206114327576e-07,0.0
42976284.33918634,9.780947003272953e-07,4.124745363383228e-07,0.0
43069596.33918634,9.76673505484986e-07,4.1633080787740573e-07,0.0
43162908.33918634,9.75250170850396e-07,4.201895724123632e-07,0.0
43256220.33918634,9.738246046388536e-07,4.240509758944982e-07,0.0
43349532.33918634,9.723967139923629e-07,4.2791516387260483e-07,0.0
43442844.33918634,9.709664049691016e-07,4.317822815013263e-07,0.0
43536156.33918634,9.6953358253268e-07,4.356524735493233e-07,0.0
43629468.33918634,9.680981505411598e-07,4.3952588440725695e-07,0.0
43722780.33918634,9.666600117358284e-07,4.4340265809557826e-07,0.0
43816092.33918634,9.652190677297336e-07,4.472829382721309e-07,0.0
43909404.33918634,9.637752189959734e-07,4.51166868239561e-07,0.0
44002716.33918634,9.623283648557392e-07,4.550545909525336e-07,0.0
44096028.33918634,9.608784034661143e-07,4.589462490247582e-07,0.0
44189340.33918634,9.594252318076252e-07,4.628419847358171e-07,0.0
44282652.33918634,9.5796874567154e-07,4.667419400377983e-07,0.0
44375964.33918634,9.565088396469227e-07,4.706462565617323e-07,0.0
44469276.33918634,9.550454071074316e-07,4.745550756238281e-07,0.0
44562588.33918634,9.53578340197863e-07,4.784685382315085e-07,0.0
44655900.33918634,9.521075298204456e-07,4.823867850892452e-07,0.0
44749212.33918634,9.506328656208728e-07,4.863099566041876e-07,0.0
44842524.33918634,9.491542359740799e-07,4.90238192891586e-07,0.0
44935836.33918634,9.47671527969762e-07,4.941716337800086e-07,0.0
45029148.33918634,9.461846273976285e-07,4.981104188163456e-07,0.0
45122460.33918634,9.446934187323964e-07,5.020546872706041e-07,0.0
45215772.33918634,9.431977851185171e-07,5.060045781404854e-07,0.0
45309084.33918634,9.416976083546381e-07,5.099602301557492e-07,0.0
45402396.33918634,9.401927688777925e-07,5.139217817823535e-07,0.0
45495708.33918634,9.386831457473232e-07,5.178893712263777e-07,0.0
45589020.33918634,9.371686166285298e-07,5.218631364377174e-07,0.0
45682332.33918634,9.356490577760427e-07,5.258432151135529e-07,0.0
45775644.33918634,9.341243440169207e-07,5.298297447015871e-07,0.0
45868956.33918634,9.325943487334695e-07,5.338228624030508e-07,0.0
45962268.33918634,9.310589438457775e-07,5.378227051754685e-07,0.0
46055580.33918634,9.295179997939739e-07,5.418294097351899e-07,0.0
46148892.33918634,9.279713855201928e-07,5.458431125596699e-07,0.0
46242204.33918634,9.264189684502601e-07,5.498639498895103e-07,0.0
46335516.33918634,9.248606144750801e-07,5.538920577302435e-07,0.0
46428828.33918634,9.232961879317377e-07,5.579275718538673e-07,0.0
46522140.33918634,9.217255515843035e-07,5.619706278001189e-07,0.0
46615452.33918634,9.201485666043389e-07,5.660213608774857e-07,0.0
46708764.33918634,9.185650925511102e-07,5.700799061639533e-07,0.0
46802076.33918634,9.169749873514896e-07,5.741463985074773e-07,0.0
46895388.33918634,9.153781072795626e-07,5.782209725261857e-07,0.0
46988700.33918634,9.137743069359221e-07,5.823037626082963e-07,0.0
47082012.33918634,9.121634392266545e-07,5.86394902911752e-07,0.0
47175324.33918634,9.105453553420162e-07,5.904945273635667e-07,0.0
47268636.33918634,9.089199047347949e-07,5.946027696588758e-07,0.0
47361948.33918634,9.072869350983508e-07,5.987197632596856e-07,0.0
47455260.33918634,9.05646292344345e-07,6.028456413933216e-07,0.0
47548572.33918634,9.039978205801369e-07,6.069805370505609e-07,0.0
47641884.33918634,9.023413620858659e-07,6.111245829834514e-07,0.0
47735196.33918634,9.006767572911972e-07,6.152779117028078e-07,0.0
47828508.33918634,8.990038447517465e-07,6.194406554753808e-07,0.0
47921820.33918634,8.973224611251599e-07,6.236129463206861e-07,0.0
48015132.33918634,8.956324411468729e-07,6.277949160075025e-07,0.0
48108444.33918634,8.939336176055172e-07,6.319866960500115e-07,0.0
48201756.33918634,8.922258213179959e-07,6.361884177035907e-07,0.0
48295068.33918634,8.905088811042109e-07,6.404002119602416e-07,0.0
48388380.33918634,8.887826237614445e-07,6.446222095436519e-07,0.0
48481692.33918634,8.870468740383927e-07,6.488545409038793e-07,0.0
48575004.33918634,8.853014546088448e-07,6.530973362116545e-07,0.0
48668316.33918634,8.835461860450109e-07,6.573507253522926e-07,0.0
48761628.33918634,8.817808867904877e-07,6.616148379192035e-07,0.0
48854940.33918634,8.800053731328715e-07,6.658898032070004e-07,0.0
48948252.33918634,8.782194591760008e-07,6.701757502041876e-07,0.0
49041564.33918634,8.764229568118374e-07,6.744728075854268e-07,0.0
49134876.33918634,8.746156756919777e-07,6.787811037033695e-07,0.0
49228188.33918634,8.727974231987967e-07,6.831007665800512e-07,0.0
49321500.33918634,8.709680044162143e-07,6.87431923897829e-07,0.0
49414812.33918634,8.691272221000867e-07,6.917747029898628e-07,0.0
49508124.33918634,8.672748766482203e-07,6.961292308301232e-07,0.0
49601436.33918634,8.654107660700051e-07,7.00495634022923e-07,0.0
49694748.33918634,8.635346859556611e-07,7.048740387919527e-07,0.0
49788060.33918634,8.616464294451037e-07,7.092645709688211e-07,0.0
49881372.33918634,8.597457871964134e-07,7.136673559810768e-07,0.0
49974684.33918634,8.57832547353924e-07,7.18082518839715e-07,0.0
50067996.33918634,8.55906495515908e-07,7.225101841261423e-07,0.0
50161308.33918634,8.539674147018736e-07,7.269504759786008e-07,0.0
50254620.33918634,8.52015085319459e-07,7.314035180780312e-07,0.0
50347932.33918634,8.500492851309322e-07,7.3586943363337e-07,0.0
50441244.33918634,8.480697892192828e-07,7.403483453662592e-07,0.0
50534556.33918634,8.460763699539154e-07,7.448403754951653e-07,0.0
50627868.33918634,8.440687969559329e-07,7.493456457188871e-07,0.0
50721180.33918634,8.420468370630147e-07,7.538642771994437e-07,0.0
50814492.33918634,8.400102542938853e-07,7.583963905443259e-07,0.0
50907804.33918634,8.379588098123706e-07,7.629421057880996e-07,0.0
51001116.33918634,8.358922618910432e-07,7.675015423733445e-07,0.0
51094428.33918634,8.338103658744523e-07,7.720748191309145e-07,0.0
51187740.33918634,8.317128741419395e-07,7.766620542595045e-07,0.0
51281052.33918634,8.295995360700375e-07,7.812633653045095e-07,0.0
51374364.33918634,8.274700979944514e-07,7.858788691361568e-07,0.0
51467676.33918634,8.253243031716222e-07,7.90508681926901e-07,0.0
51560988.33918634,8.231618917398698e-07,7.951529191280577e-07,0.0
51654300.33918634,8.209826006801188e-07,7.998116954456673e-07,0.0
51747612.33918634,8.187861637761985e-07,8.044851248155615e-07,0.0
51840924.33918634,8.165723115747318e-07,8.09173320377631e-07,0.0
51934236.33918634,8.143407713445915e-07,8.138763944492526e-07,0.0
52027548.33918634,8.120912670359487e-07,8.185944584978846e-07,0.0
52120860.33918634,8.098235192388898e-07,8.233276231127876e-07,0.0
52214172.33918634,8.075372451416216e-07,8.280759979758673e-07,0.0
52307484.33918634,8.052321584882532e-07,8.328396918316124e-07,0.0
52400796.33918634,8.029079695361607e-07,8.376188124561076e-07,0.0
52494108.33918634,8.005643850129377e-07,8.424134666251084e-07,0.0
52587420.33918634,7.982011080729251e-07,8.47223760081142e-07,0.0
52680732.33918634,7.958178382533324e-07,8.520497974996297e-07,0.0
52774044.33918634,7.934142714299418e-07,8.568916824539955e-07,0.0
52867356.33918634,7.909900997724106e-07,8.617495173797498e-07,0.0
52960668.33918634,7.885450116991573e-07,8.666234035375127e-07,0.0
53053980.33918634,7.8607869183185e-07,8.715134409749634e-07,0.0
53147292.33918634,7.835908209494918e-07,8.764197284876905e-07,0.0
53240604.33918634,7.810810759421095e-07,8.813423635789141e-07,0.0
53333916.33918634,7.785491297640482e-07,8.862814424180593e-07,0.0
53427228.33918634,7.759946513868746e-07,8.912370597981505e-07,0.0
53520540.33918634,7.734173057519023e-07,8.962093090920126e-07,0.0
53613852.33918634,7.708167537223286e-07,9.011982822072331e-07,0.0
53707164.33918634,7.681926520350065e-07,9.062040695398798e-07,0.0
53800476.33918634,7.655446532518389e-07,9.112267599269248e-07,0.0
53893788.33918634,7.628724057108215e-07,9.162664405973706e-07,0.0
53987100.33918634,7.601755534767218e-07,9.213231971220247e-07,0.0
54080412.33918634,7.574537362914158e-07,9.263971133619131e-07,0.0
54173724.33918634,7.547065895238841e-07,9.314882714152939e-07,0.0
54267036.33918634,7.519337441198761e-07,9.365967515632396e-07,0.0
54360348.33918634,7.491348265512514e-07,9.417226322137622e-07,0.0
54453660.33918634,7.463094587650093e-07,9.468659898444435e-07,0.0
54546972.33918634,7.434572581320165e-07,9.520268989435471e-07,0.0
54640284.33918634,7.40577837395442e-07,9.572054319495689e-07,0.0
54733596.33918634,7.376708046189111e-07,9.624016591891982e-07,0.0
54826908.33918634,7.34735763134392e-07,9.676156488136576e-07,0.0
54920220.33918634,7.317723114898257e-07,9.728474667333792e-07,0.0
55013532.33918634,7.287800433965167e-07,9.780971765509927e-07,0.0
55106844.33918634,7.257585476762918e-07,9.833648394925764e-07,0.0
55200156.33918634,7.227074082084513e-07,9.886505143371488e-07,0.0
55293468.33918634,7.196262038765167e-07,9.939542573443468e-07,0.0
55386780.33918634,7.165145085148067e-07,9.992761221802716e-07,0.0
55480092.33918634,7.133718908548425e-07,1.0046161598414452e-06,0.0
55573404.33918634,7.101979144716152e-07,1.0099744185768517e-06,0.0
55666716.33918634,7.069921377297254e-07,1.0153509438080168e-06,0.0
55760028.33918634,7.037541137294207e-07,1.0207457780470862e-06,0.0
55853340.33918634,7.004833902525486e-07,1.0261589608128624e-06,0.0
55946652.33918634,6.971795097084485e-07,1.031590528544753e-06,0.0
56039964.33918634,6.938420090798127e-07,1.0370405145146024e-06,0.0
56133276.33918634,6.904704198685268e-07,1.0425089487363374e-06,0.0
56226588.33918634,6.870642680415313e-07,1.047995857873414e-06,0.0
56319900.33918634,6.836230739767195e-07,1.0535012651439916e-06,0.0
56413212.33918634,6.80146352408906e-07,1.059025190223811e-06,0.0
56506524.33918634,6.766336123758955e-07,1.0645676491467171e-06,0.0
56599836.33918634,6.730843571646764e-07,1.0701286542027825e-06,0.0
56693148.33918634,6.694980842577825e-07,1.0757082138339897e-06,0.0
56786460.33918634,6.65874285279845e-07,1.0813063325274157e-06,0.0
56879772.33918634,6.622124459443768e-07,1.086923010705873e-06,0.0
56973084.33918634,6.585120460008255e-07,1.0925582446159626e-06,0.0
57066396.33918634,6.547725591819289e-07,1.0982120262134785e-06,0.0
57159708.33918634,6.509934531514176e-07,1.103884343046122e-06,0.0
57253020.33918634,6.47174189452106e-07,1.1095751781334724e-06,0.0
57346332.33918634,6.433142234544088e-07,1.1152845098441524e-06,0.0
57439644.33918634,6.394130043053375e-07,1.121012311770154e-06,0.0
57532956.33918634,6.35469974878015e-07,1.1267585525982502e-06,0.0
57626268.33918634,6.314845717217638e-07,1.1325231959784562e-06,0.0
57719580.33918634,6.274562250128134e-07,1.1383062003894728e-06,0.0
57812892.33918634,6.233843585056826e-07,1.1441075190010643e-06,0.0
57906204.33918634,6.192683894852926e-07,1.1499270995333169e-06,0.0
57999516.33918634,6.151077287198619e-07,1.155764884112704e-06,0.0
58092828.33918634,6.109017804146502e-07,1.1616208091249314e-06,0.0
58186140.33918634,6.066499421666074e-07,1.167494805064475e-06,0.0
58279452.33918634,6.02351604919993e-07,1.173386796380773e-06,0.0
58372764.33918634,5.980061529230332e-07,1.1792967013210082e-06,0.0
58466076.33918634,5.936129636856806e-07,1.185224431769416e-06,0.0
58559388.33918634,5.891714079385552e-07,1.1911698930830718e-06,0.0
58652700.33918634,5.84680849593132e-07,1.1971329839240846e-06,0.0
58746012.33918634,5.801406457032571e-07,1.2031135960881456e-06,0.0
58839324.33918634,5.755501464280736e-07,1.209111614329375e-06,0.0
58932636.33918634,5.70908694996432e-07,1.2151269161813934e-06,0.0
59025948.33918634,5.662156276728795e-07,1.2211593717745724e-06,0.0
59119260.33918634,5.614702737253092e-07,1.2272088436493936e-06,0.0
59212572.33918634,5.566719553943664e-07,1.2332751865658613e-06,0.0
59305884.33918634,5.518199878647022e-07,1.2393582473089074e-06,0.0
59399196.33918634,5.469136792381762e-07,1.2454578644897233e-06,0.0
59492508.33918634,5.419523305091051e-07,1.2515738683429641e-06,0.0
59585820.33918634,5.369352355416696e-07,1.257706080519765e-06,0.0
59679132.33918634,5.318616810495809e-07,1.2638543138765057e-06,0.0
59772444.33918634,5.267309465781198e-07,1.2700183722592622e-06,0.0
59865756.33918634,5.215423044886712e-07,1.276198050283897e-06,0.0
59959068.33918634,5.162950199458652e-07,1.282393133111715e-06,0.0
60052380.33918634,5.109883509074533e-07,1.2886033962206344e-06,0.0
60145692.33918634,5.056215481170478e-07,1.294828605171817e-06,0.0
60239004.33918634,5.001938550998538e-07,1.3010685153716962e-06,0.0
60332316.33918634,4.947045081615326e-07,1.3073228718293463e-06,0.0
60425628.33918634,4.891527363903367e-07,1.3135914089091433e-06,0.0
60518940.33918634,4.835377616626593e-07,1.319873850078656e-06,0.0
60612252.33918634,4.778587986521527e-07,1.3261699076517242e-06,0.0
60705564.33918634,4.721150548425649e-07,1.3324792825266615e-06,0.0
60798876.33918634,4.663057305444558e-07,1.3388016639195377e-06,0.0
60892188.33918634,4.604300189159595e-07,1.3451367290924958e-06,0.0
60985500.33918634,4.5448710598775796e-07,1.3514841430770521e-06,0.0
61078812.33918634,4.484761706924405e-07,1.3578435583923315e-06,0.0
61172124.33918634,4.42396384898432e-07,1.364214614758202e-06,0.0
61265436.33918634,4.3624691344867243e-07,1.3705969388032693e-06,0.0
61358748.33918634,4.300269142042346e-07,1.3769901437676783e-06,0.0
61452060.33918634,4.23735538093082e-07,1.3833938292007012e-06,0.0
61545372.33918634,4.17371929164165e-07,1.389807580653079e-06,0.0
61638684.33918634,4.1093522464705777e-07,1.396230969364066e-06,0.0
61731996.33918634,4.0442455501735917e-07,1.4026635519431788e-06,0.0
61825308.33918634,3.9783904406806597e-07,1.4091048700466055e-06,0.0
61918620.33918634,3.911778089871484e-07,1.4155544500482582e-06,0.0
62011932.33918634,3.844399604415599e-07,1.4220118027054657e-06,0.0
62105244.33918634,3.776246026679129e-07,1.4284764228192718e-06,0.0
62198556.33918634,3.707308335700688e-07,1.4349477888893458e-06,0.0
62291868.33918634,3.6375774482389115e-07,1.4414253627635078e-06,0.0
62385180.33918634,3.567044219894148e-07,1.4479085892818467e-06,0.0
62478492.33918634,3.4956994463069786e-07,1.4543968959154606e-06,0.0
62571804.33918634,3.4235338644362265e-07,1.4608896923998181e-06,0.0
62665116.33918634,3.350538153919249e-07,1.4673863703627654e-06,0.0
62758428.33918634,3.2767029385172797e-07,1.4738863029471877e-06,0.0
62851740.33918634,3.2020187876488134e-07,1.480388844428387e-06,0.0
62945052.33918634,3.126476218013861e-07,1.4868933298261637e-06,0.0
63038364.33918634,3.050065695312254e-07,1.4933990745116977e-06,0.0
63131676.33918634,2.97277763605898e-07,1.4999053738092404e-06,0.0
63224988.33918634,2.894602409499782e-07,1.5064115025926943e-06,0.0
63318300.33918634,2.8155303396302587e-07,1.5129167148771507e-06,0.0
63411612.33918634,2.7355517073217313e-07,1.5194202434054383e-06,0.0
63504924.33918634,2.654656752557313e-07,1.5259212992297983e-06,0.0
63598236.33918634,2.572835676781594e-07,1.5324190712887546e-06,0.0
63691548.33918634,2.490078645367463e-07,1.5389127259792934e-06,0.0
63784860.33918634,2.406375790203663e-07,1.545401406724467e-06,0.0
63878172.33918634,2.3217172124067196e-07,1.5518842335365354e-06,0.0
63971484.33918634,2.236092985160992e-07,1.5583603025758077e-06,0.0
64064796.33918634,2.1494931566905868e-07,1.5648286857052888e-06,0.0
64158108.33918634,2.061907753367051e-07,1.5712884300413382e-06,0.0
64251420.33918634,1.9733267829566977e-07,1.5777385575004772e-06,0.0
64344732.33918634,1.8837402380116092e-07,1.5841780643425516e-06,0.0
64438044.33918634,1.793138099408305e-07,1.590605920710437e-06,0.0
64531356.33918634,1.7015103400382252e-07,1.5970210701665175e-06,0.0
64624668.33918634,1.6088469286541475e-07,1.603422429226139e-06,0.0
64717980.33918634,1.5151378338767994e-07,1.6098088868883208e-06,0.0
64811292.33918634,1.420373028365899e-07,1.6161793041639555e-06,0.0
64904604.33918634,1.3245424931599584e-07,1.6225325136017811e-06,0.0
64997916.33918634,1.2276362221892255e-07,1.6288673188124387e-06,0.0
65091228.33918634,1.1296442269661655e-07,1.6351824939909063e-06,0.0
65184540.33918634,1.0305565414579413e-07,1.6414767834376643e-06,0.0
65277852.33918634,9.303632271453761e-08,1.6477489010789165e-06,0.0
65371164.33918634,8.290543782729333e-08,1.6539975299862756e-06,0.0
65464476.33918634,7.266201272942479e-08,1.6602213218962696e-06,0.0
65557788.33918634,6.230506505177939e-08,1.6664188967301098e-06,0.0
65651100.33918634,5.183361739572824e-08,1.6725888421141502e-06,0.0
65744412.33918634,4.12466979391377e-08,1.6787297129014914e-06,0.0
65837724.33918634,3.0543341063735646e-08,1.6848400306952198e-06,0.0
65931036.33918634,1.972258800433205e-08,1.6909182833737958e-06,0.0
66024348.33918634,8.783487520354539e-09,1.6969629246191036e-06,0.0
66117660.33918634,-2.2749034098422337e-09,1.7029723734477546e-06,0.0
66210972.33918634,-1.3453518871437334e-08,1.708945013746199e-06,0.0
66304284.33918634,-2.475328327192068e-08,1.7148791938102682e-06,0.0
66397596.33918634,-3.617511057573739e-08,1.7207732258898112e-06,0.0
66490908.33918634,-4.7719903514354926e-08,1.7266253857390587e-06,0.0
66584220.33918634,-5.9388552771314183e-08,1.7324339121734394e-06,0.0
66677532.33918634,-7.118193614183371e-08,1.73819700663358e-06,0.0
66770844.33918634,-8.310091766654261e-08,1.7439128327572283e-06,0.0
66864156.33918634,-9.514634673892883e-08,1.7495795159599169e-06,0.0
66957468.33918634,-1.073190571860984e-07,1.7551951430251778e-06,0.0
67050780.33918634,-1.1961986632245462e-07,1.7607577617051748e-06,0.0
67144092.33918634,-1.3204957397591635e-07,1.7662653803326221e-06,0.0
67237404.33918634,-1.4460896148631442e-07,1.7717159674449652e-06,0.0
67330716.33918634,-1.5729879067561478e-07,1.7771074514217245e-06,0.0
67424028.33918634,-1.7011980278963896e-07,1.7824377201360368e-06,0.0
67517340.33918634,-1.8307271741097146e-07,1.7877046206214186e-06,0.0
67610652.33918634,-1.9615823134276212e-07,1.7929059587548135e-06,0.0
67703964.33918634,-2.0937701746315623e-07,1.79803949895703e-06,0.0
67797276.33918634,-2.2272972355010963e-07,1.8031029639117168e-06,0.0
67890588.33918634,-2.362169710763724e-07,1.8080940343040571e-06,0.0
67983900.33918634,-2.498393539744509e-07,1.8130103485803828e-06,0.0
68077212.33918634,-2.635974373713931e-07,1.8178495027299865e-06,0.0
68170524.33918634,-2.774917562932711e-07,1.8226090500904122e-06,0.0
68263836.33918634,-2.9152281433927e-07,1.8272865011775566e-06,0.0
68357148.33918634,-3.0569108232533184e-07,1.8318793235419574e-06,0.0
68450460.33918634,-3.199969968973396e-07,1.8363849416526669e-06,0.0
68543772.33918634,-3.344409591138724e-07,1.8408007368101728e-06,0.0
68637084.33918634,-3.490233329986018e-07,1.8451240470898291e-06,0.0
68730396.33918634,-3.6374444406245367e-07,1.8493521673173397e-06,0.0
68823708.33918634,-3.7860457779570163e-07,1.853482349077834e-06,0.0
68917020.33918634,-3.936039781302185e-07,1.857511800760144e-06,0.0
69010332.33918634,-4.087428458721626e-07,1.8614376876379049e-06,0.0
69103644.33918634,-4.240213371054321e-07,1.8652571319891377e-06,0.0
69196956.33918634,-4.3943956156629083e-07,1.868967213256029e-06,0.0
69290268.33918634,-4.549975809896213e-07,1.8725649682466211e-06,0.0
69383580.33918634,-4.706954074273357e-07,1.8760473913801818e-06,0.0
69476892.33918634,-4.865330015395439e-07,1.8794114349780475e-06,0.0
69570204.33918634,-5.025102708591497e-07,1.8826540096017558e-06,0.0
69663516.33918634,-5.18627068030622e-07,1.8857719844403117e-06,0.0
69756828.33918634,-5.348831890237724e-07,1.8887621877484652e-06,0.0
69850140.33918634,-5.512783713234447e-07,1.8916214073378832e-06,0.0
69943452.33918634,-5.67812292096118e-07,1.8943463911231396e-06,0.0
70036764.33918634,-5.844845663345046e-07,1.8969338477244417e-06,0.0
70130076.33918634,-6.012947449813228e-07,1.8993804471290447e-06,0.0
70223388.33918634,-6.182423130335189e-07,1.9016828214133106e-06,0.0
70316700.33918634,-6.3532668762831e-07,1.9038375655273749e-06,0.0
70410012.33918634,-6.525472161125179e-07,1.9058412381443782e-06,0.0
70503324.33918634,-6.699031740967825e-07,1.90769036257626e-06,0.0
70596636.33918634,-6.873937634963312e-07,1.909381427758052e-06,0.0
70689948.33918634,-7.050181105601105e-07,1.9109108893026493e-06,0.0
70783260.33918634,-7.227752638901859e-07,1.9122751706280044e-06,0.0
70876572.33918634,-7.406641924534446e-07,1.913470664158677e-06,0.0
70969884.33918634,-7.586837835877417e-07,1.9144937326036463e-06,0.0
71063196.33918634,-7.768328410047635e-07,1.9153407103122686e-06,0.0
71156508.33918634,-7.951100827920027e-07,1.916007904710254e-06,0.0
71249820.33918634,-8.135141394163591e-07,1.9164915978174394e-06,0.0
71343132.33918634,-8.320435517320222e-07,1.9167880478491717e-06,0.0
71436444.33918634,-8.50696768995401e-07,1.9168934909029737e-06,0.0
71529756.33918634,-8.694721468900284e-07,1.916804142732212e-06,0.0
71623068.33918634,-8.883679455644603e-07,1.916516200608307e-06,0.0
71716380.33918634,-9.073823276863656e-07,1.9160258452730622e-06,0.0
71809692.33918634,-9.265133565161032e-07,1.9153292429825337e-06,0.0
71903004.33918634,-9.457589940032385e-07,1.9144225476438107e-06,0.0
71996316.33918634,-9.651170989095767e-07,1.9133019030459805e-06,0.0
72089628.33918634,-9.845854249624267e-07,1.9119634451864357e-06,0.0
72182940.33918634,-1.0041616190419487e-06,1.9104033046935905e-06,0.0
72276252.33918634,-1.0238432194065597e-06,1.9086176093469244e-06,0.0
72369564.33918634,-1.0436276539605143e-06,1.9066024866951818e-06,0.0
72462876.33918634,-1.0635122385678985e-06,1.904354066773373e-06,0.0
72556188.33918634,-1.083494175417407e-06,1.9018684849191224e-06,0.0
72649500.33918634,-1.1035705514423908e-06,1.8991418846887115e-06,0.0
72742812.33918634,-1.1237383368007893e-06,1.8961704208730297e-06,0.0
72836124.33918634,-1.1439943834196718e-06,1.89295026261345e-06,0.0
72929436.33918634,-1.1643354236092194e-06,1.8894775966174727e-06,0.0
73022748.33918634,-1.184758068751097e-06,1.8857486304737807e-06,0.0
73116060.33918634,-1.2052588080662513e-06,1.8817595960661508e-06,0.0
73209372.33918634,-1.2258340074672685e-06,1.8775067530854428e-06,0.0
73302684.33918634,-1.2464799085005084e-06,1.8729863926386672e-06,0.0
73395996.33918634,-1.267192627383313e-06,1.8681948409539061e-06,0.0
73489308.33918634,-1.2879681541416539e-06,1.863128463179614e-06,0.0
73582620.33918634,-1.308802351853626e-06,1.8577836672765507e-06,0.0
73675932.33918634,-1.3296909560042817e-06,1.8521569080003966e-06,0.0
73769244.33918634,-1.35062957395729e-06,1.846244690972753e-06,0.0
73862556.33918634,-1.3716136845489663e-06,1.8400435768380166e-06,0.0
73955868.33918634,-1.3926386378102119e-06,1.8335501855032927e-06,0.0
74049180.33918634,-1.4136996548219133e-06,1.8267612004582365e-06,0.0
74142492.33918634,-1.4347918277093273e-06,1.819673373171396e-06,0.0
74235804.33918634,-1.4559101197809551e-06,1.8122835275593342e-06,0.0
74329116.33918634,-1.477049365817369e-06,1.804588564524493e-06,0.0
74422428.33918634,-1.4982042725153687e-06,1.7965854665574249e-06,0.0
74515740.33918634,-1.5193694190928142e-06,1.7882713023987318e-06,0.0
74609052.33918634,-1.5405392580593287e-06,1.7796432317556719e-06,0.0
74702364.33918634,-1.5617081161580015e-06,1.770698510068114e-06,0.0
74795676.33918634,-1.582870195483053e-06,1.7614344933181473e-06,0.0
74888988.33918634,-1.6040195747782927e-06,1.7518486428773484e-06,0.0
74982300.33918634,-1.625150210921025e-06,1.741938530385363e-06,0.0
75075612.33918634,-1.6462559405958469e-06,1.7317018426531113e-06,0.0
75168924.33918634,-1.667330482162598e-06,1.7211363865836262e-06,0.0
75262236.33918634,-1.688367437722467e-06,1.7102400941031848e-06,0.0
75355548.33918634,-1.7093602953859997e-06,1.6990110270950683e-06,0.0
75448860.33918634,-1.7303024317464973e-06,1.687447382327992e-06,0.0
75542172.33918634,-1.7511871145619667e-06,1.675547496370908e-06,0.0
75635484.33918634,-1.772007505648477e-06,1.6633098504856027e-06,0.0
75728796.33918634,-1.7927566639874236e-06,1.6507330754882153e-06,0.0
75822108.33918634,-1.8134275490488473e-06,1.6378159565705257e-06,0.0
75915420.33918634,-1.8340130243325478e-06,1.6245574380715934e-06,0.0
76008732.33918634,-1.8545058611283305e-06,1.6109566281900724e-06,0.0
76102044.33918634,-1.8748987424962937e-06,1.5970128036273046e-06,0.0
76195356.33918634,-1.895184267467618e-06,1.5827254141510825e-06,0.0
76288668.33918634,-1.9153549554658204e-06,1.5680940870697425e-06,0.0
76381980.33918634,-1.9354032509479708e-06,1.5531186316061126e-06,0.0
76475292.33918634,-1.955321528264856e-06,1.537799043160669e-06,0.0
76568604.33918634,-1.9751020967385263e-06,1.5221355074531238e-06,0.0
76661916.33918634,-1.9947372059551308e-06,1.5061284045315652e-06,0.0
76755228.33918634,-2.0142190512703974e-06,1.4897783126382048e-06,0.0
76848540.33918634,-2.033539779524509e-06,1.4730860119207239e-06,0.0
76941852.33918634,-2.0526914949625777e-06,1.4560524879782083e-06,0.0
77035164.33918634,-2.071666265356283e-06,1.4386789352306649e-06,0.0
77128476.33918634,-2.0904561283216767e-06,1.4209667601011645e-06,0.0
77221788.33918634,-2.1090530978274956e-06,1.402917583999739e-06,0.0
77315100.33918634,-2.1274491708877473e-06,1.384533246098271e-06,0.0
77408412.33918634,-2.1456363344316773e-06,1.365815805885761e-06,0.0
77501724.33918634,-2.1636065723436345e-06,1.3467675454935702e-06,0.0
77595036.33918634,-2.181351872664686e-06,1.3273909717804195e-06,0.0
77688348.33918634,-2.198864234947266e-06,1.3076888181672326e-06,0.0
77781660.33918634,-2.2161356777534718e-06,1.2876640462121786e-06,0.0
77874972.33918634,-2.2331582462870785e-06,1.2673198469166367e-06,0.0
77968284.33918634,-2.249924020148671e-06,1.2466596417531555e-06,0.0
78061596.33918634,-2.2664251212027953e-06,1.225687083406927e-06,0.0
78154908.33918634,-2.2826537215453917e-06,1.204406056222723e-06,0.0
78248220.33918634,-2.298602051559273e-06,1.1828206763497627e-06,0.0
78341532.33918634,-2.314262408044862e-06,1.1609352915774814e-06,0.0
78434844.33918634,-2.3296271624129093e-06,1.1387544808557636e-06,0.0
78528156.33918634,-2.3446887689254344e-06,1.116283053493797e-06,0.0
78621468.33918634,-2.3594397729706846e-06,1.0935260480323313e-06,0.0
78714780.33918634,-2.373872819357492e-06,1.0704887307848137e-06,0.0
78808092.33918634,-2.387980660614045e-06,1.047176594043563e-06,0.0
78901404.33918634,-2.4017561652757e-06,1.0235953539478746e-06,0.0
78994716.33918634,-2.4151923261462268e-06,9.997509480117182e-07,0.0
79088028.33918634,-2.4282822685165505e-06,9.756495323094609e-07,0.0
79181340.33918634,-2.44101925832485e-06,9.512974783188578e-07,0.0
79274652.33918634,-2.453396710241751e-06,9.267013694213965e-07,0.0
79367964.33918634,-2.465408195664121e-06,9.018679970608962e-07,0.0
79461276.33918634,-2.477047450601001e-06,8.768043565621546e-07,0.0
79554588.33918634,-2.4883083834350967e-06,8.515176426122835e-07,0.0
79647900.33918634,-2.4991850825433314e-06,8.260152444082743e-07,0.0
79741212.33918634,-2.5096718237599904e-06,8.003047404752029e-07,0.0
79834524.33918634,-2.519763077666159e-06,7.743938931603931e-07,0.0
79927836.33918634,-2.529453516689291e-06,7.482906428097253e-07,0.0
80021148.33918634,-2.5387380219970184e-06,7.220031016331786e-07,0.0
80114460.33918634,-2.5476116901695737e-06,6.955395472675571e-07,0.0
80207772.33918634,-2.556069839635561e-06,6.689084160452241e-07,0.0
80301084.33918634,-2.5641080168561885e-06,6.421182959785089e-07,0.0
80394396.33918634,-2.5717220022435278e-06,6.151779194702855e-07,0.0
80487708.33918634,-2.5789078157988894e-06,5.880961557620327e-07,0.0
80581020.33918634,-2.5856617224579144e-06,5.608820031314557e-07,0.0
80674332.33918634,-2.591980237129601e-06,5.335445808525113e-07,0.0
80767644.33918634,-2.5978601294171682e-06,5.060931209314003e-07,0.0
80860956.33918634,-2.6032984280092605e-06,4.785369596327614e-07,0.0
80954268.33918634,-2.608292424730847e-06,4.508855288109621e-07,0.0
81047580.33918634,-2.6128396782438463e-06,4.2314834706197217e-07,0.0
81140892.33918634,-2.616938017388374e-06,3.9533501071186967e-07,0.0
81234204.33918634,-2.620585544156363e-06,3.6745518465854274e-07,0.0
81327516.33918634,-2.623780636290148e-06,3.3951859308360495e-07,0.0
81420828.33918634,-2.6265219494995585e-06,3.1153501005195795e-07,0.0
81514140.33918634,-2.628808419291977e-06,2.8351425001678903e-07,0.0
81607452.33918634,-2.630639262410769e-06,2.5546615824808995e-07,0.0
81700764.33918634,-2.632013977878501e-06,2.274006012030337e-07,0.0
81794076.33918634,-2.6329323476423025e-06,1.993274568567204e-07,0.0
81887388.33918634,-2.63339443681978e-06,1.7125660501194465e-07,0.0
81980700.33918634,-2.6334005935448336e-06,1.4319791760669037e-07,0.0
82074012.33918634,-2.6329514484138265e-06,1.1516124903807877e-07,0.0
82167324.33918634,-2.632047913533447e-06,8.71564265214328e-08,0.0
82260636.33918634,-2.6306911811727292e-06,5.91932405030176e-08,0.0
82353948.33918634,-2.6288827220225833e-06,3.1281435144840136e-08,0.0
82447260.33918634,-2.6266242830672346e-06,3.4306988996646087e-09,0.0
82540572.33918634,-2.623917885072903e-06,-2.4349344805886647e-08,0.0
82633884.33918634,-2.6207658197000077e-06,-5.204914676261987e-08,0.0
82727196.33918634,-2.617170646246082e-06,-7.96592410273132e-08,0.0
82820508.33918634,-2.6131351880274923e-06,-1.071702538118349e-07,0.0
82913820.33918634,-2.6086625284089044e-06,-1.3457291219665376e-07,0.0
83007132.33918634,-2.6037560064902477e-06,-1.6185805265310591e-07,0.0
83100444.33918634,-2.5984192124617513e-06,-1.8901662935937544e-07,0.0
83193756.33918634,-2.592655982638339e-06,-2.1603972229578083e-07,0.0
83287068.33918634,-2.586470394185362e-06,-2.429185451056334e-07,0.0
83380380.33918634,-2.579866759548387e-06,-2.6964445270864966e-07,0.0
83473692.33918634,-2.5728496206002416e-06,-2.9620894865463807e-07,0.0
83567004.33918634,-2.565423742519198e-06,-3.226036922059637e-07,0.0
83660316.33918634,-2.557594107412636e-06,-3.488205051380912e-07,0.0
83753628.33918634,-2.5493659077009716e-06,-3.748513782483345e-07,0.0
83846940.33918634,-2.5407445392770903e-06,-4.0068847756378836e-07,0.0
83940252.33918634,-2.5317355944568536e-06,-4.2632415024027555e-07,0.0
84033564.33918634,-2.5223448547365416e-06,-4.5175093014502235e-07,0.0
84126876.33918634,-2.5125782833733645e-06,-4.769615431166538e-07,0.0
84220188.33918634,-2.502442017805346e-06,-5.019489118969934e-07,0.0
84313500.33918634,-2.4919423619270425e-06,-5.267061607300416e-07,0.0
84406812.33918634,-2.481085778237623e-06,-5.512266196243941e-07,0.0
84500124.33918634,-2.4698788798778946e-06,-5.755038282762538e-07,0.0
84593436.33918634,-2.458328422572814e-06,-5.995315396510565e-07,0.0
84686748.33918634,-2.4464412964959817e-06,-6.233037232226068e-07,0.0
84780060.33918634,-2.4342245180724642e-06,-6.468145678694585e-07,0.0
84873372.33918634,-2.421685221736166e-06,-6.700584844291265e-07,0.0
84966684.33918634,-2.4088306516577287e-06,-6.930301079115139e-07,0.0
85059996.33918634,-2.395668153458672e-06,-7.15724299373733e-07,0.0
85153308.33918634,-2.38220516592725e-06,-7.381361474592811e-07,0.0
85246620.33918634,-2.368449212751076e-06,-7.602609696052448e-07,0.0
85339932.33918634,-2.3544078942812746e-06,-7.820943129219463e-07,0.0
85433244.33918634,-2.34008887934245e-06,-8.036319547500971e-07,0.0
85526556.33918634,-2.3254998971023508e-06,-8.248699029011902e-07,0.0
85619868.33918634,-2.310648729014635e-06,-8.458043955874721e-07,0.0
85713180.33918634,-2.2955432008476228e-06,-8.66431901048398e-07,0.0
85806492.33918634,-2.2801911748114327e-06,-8.867491168810388e-07,0.0
85899804.33918634,-2.264600541795315e-06,-9.067529690823877e-07,0.0
85993116.33918634,-2.2487792137264488e-06,-9.264406108119951e-07,0.0
86086428.33918634,-2.2327351160609154e-06,-9.458094208837874e-07,0.0
86179740.33918634,-2.2164761804168875e-06,-9.64857001996295e-07,0.0
86273052.33918634,-2.2000103373595683e-06,-9.83581178710895e-07,0.0
86366364.33918634,-2.183345509346717e-06,-1.0019799951879565e-06,0.0
86459676.33918634,-2.166489603843008e-06,-1.0200517126910569e-06,0.0
86552988.33918634,-2.1494505066108575e-06,-1.0377948068696867e-06,0.0
86646300.33918634,-2.132236075184699e-06,-1.055207964831029e-06,0.0
86739612.33918634,-2.1148541325350795e-06,-1.0722900820115801e-06,0.0
86832924.33918634,-2.097312460928308e-06,-1.089040258859491e-06,0.0
86926236.33918634,-2.079618795986804e-06,-1.105457797338602e-06,0.0
87019548.33918634,-2.0617808209546356e-06,-1.121542197265191e-06,0.0
87112860.33918634,-2.043806161172178e-06,-1.1372931524884782e-06,0.0
87206172.33918634,-2.0257023787631948e-06,-1.152710546925921e-06,0.0
87299484.33918634,-2.0074769675371047e-06,-1.167794450464288e-06,0.0
87392796.33918634,-1.9891373481085863e-06,-1.1825451147374287e-06,0.0
87486108.33918634,-1.970690863236164e-06,-1.1969629687915598e-06,0.0
87579420.33918634,-1.952144773380853e-06,-1.2110486146487619e-06,0.0
87672732.33918634,-1.9335062524854566e-06,-1.2248028227792351e-06,0.0
87766044.33918634,-1.914782383974561e-06,-1.2382265274926708e-06,0.0
87859356.33918634,-1.895980156974864e-06,-1.2513208222589351e-06,0.0
87952668.33918634,-1.8771064627549513e-06,-1.264086954968014e-06,0.0
88045980.33918634,-1.8581680913832329e-06,-1.2765263231389543e-06,0.0
88139292.33918634,-1.839171728602321e-06,-1.288640469087273e-06,0.0
88232604.33918634,-1.8201239529177543e-06,-1.3004310750600665e-06,0.0
88325916.33918634,-1.801031232898569e-06,-1.311899958347736e-06,0.0
88419228.33918634,-1.781899924686909e-06,-1.3230490663809926e-06,0.0
88512540.33918634,-1.7627362697134896e-06,-1.3338804718214748e-06,0.0
88605852.33918634,-1.7435463926154858e-06,-1.3443963676540253e-06,0.0
88699164.33918634,-1.724336299353066e-06,-1.354599062288336e-06,0.0
88792476.33918634,-1.705111875520587e-06,-1.3644909746773596e-06,0.0
88885788.33918634,-1.6858788848481911e-06,-1.3740746294595506e-06,0.0
88979100.33918634,-1.6666429678893492e-06,-1.3833526521316714e-06,0.0
89072412.33918634,-1.647409640889687e-06,-1.3923277642585618e-06,0.0
89165724.33918634,-1.6281842948322617e-06,-1.4010027787259283e-06,0.0
89259036.33918634,-1.6089721946542954e-06,-1.409380595041887e-06,0.0
89352348.33918634,-1.5897784786302402e-06,-1.417464194692645e-06,0.0
89445660.33918634,-1.5706081579159428e-06,-1.4252566365573817e-06,0.0
89538972.33918634,-1.5514661162485555e-06,-1.4327610523870594e-06,0.0
89632284.33918634,-1.5323571097967796e-06,-1.4399806423515524e-06,0.0
89725596.33918634,-1.5132857671559762e-06,-1.4469186706592e-06,0.0
89818908.33918634,-1.494256589482579e-06,-1.4535784612525059e-06,0.0
89912220.33918634,-1.4752739507623003e-06,-1.4599633935834847e-06,0.0
90005532.33918634,-1.4563420982065149e-06,-1.466076898471759e-06,0.0
90098844.33918634,-1.4374651527712724e-06,-1.4719224540482844e-06,0.0
90192156.33918634,-1.4186471097933715e-06,-1.4775035817872638e-06,0.0
90285468.33918634,-1.3998918397379542e-06,-1.482823842628515e-06,0.0
90378780.33918634,-1.3812030890521278e-06,-1.4878868331923199e-06,0.0
90472092.33918634,-1.3625844811191625e-06,-1.4926961820884866e-06,0.0
90565404.33918634,-1.3440395173078718e-06,-1.497255546321123e-06,0.0
90658716.33918634,-1.3255715781118506e-06,-1.5015686077903583e-06,0.0
90752028.33918634,-1.3071839243733299e-06,-1.5056390698920294e-06,0.0
90845340.33918634,-1.2888796985864861e-06,-1.5094706542161126e-06,0.0
90938652.33918634,-1.2706619262751338e-06,-1.5130670973444616e-06,0.0
91031964.33918634,-1.2525335174398418e-06,-1.5164321477482226e-06,0.0
91125276.33918634,-1.2344972680696094e-06,-1.519569562785083e-06,0.0
91218588.33918634,-1.2165558617133462e-06,-1.5224831057963273e-06,0.0
91311900.33918634,-1.1987118711065386e-06,-1.5251765433035116e-06,0.0
91405212.33918634,-1.1809677598485742e-06,-1.527653642304379e-06,0.0
91498524.33918634,-1.1633258841263485e-06,-1.529918167667492e-06,0.0
91591836.33918634,-1.1457884944798908e-06,-1.5319738796249158e-06,0.0
91685148.33918634,-1.1283577376058767e-06,-1.533824531362134e-06,0.0
91778460.33918634,-1.111035658195036e-06,-1.5354738667042565e-06,0.0
91871772.33918634,-1.0938242007995912e-06,-1.5369256178974597e-06,0.0
91965084.33918634,-1.0767252117269943e-06,-1.5381835034844835e-06,0.0
92058396.33918634,-1.0597404409563764e-06,-1.5392512262729095e-06,0.0
92151708.33918634,-1.0428715440742517e-06,-1.540132471394843e-06,0.0
92245020.33918634,-1.0261200842261565e-06,-1.540830904456552e-06,0.0
92338332.33918634,-1.009487534081041e-06,-1.5413501697765098e-06,0.0
92431644.33918634,-9.92975277805365e-07,-1.5416938887102478e-06,0.0
92524956.33918634,-9.765846130439753e-07,-1.5418656580603222e-06,0.0
92618268.33918634,-9.60316752905006e-07,-1.5418690485696997e-06,0.0
92711580.33918634,-9.441728279461213e-07,-1.5417076034967414e-06,0.0
92804892.33918634,-9.281538881596003e-07,-1.541384837269982e-06,0.0
92898204.33918634,-9.122609049538661e-07,-1.5409042342208442e-06,0.0
92991516.33918634,-8.96494773129188e-07,-1.5402692473923775e-06,0.0
93084828.33918634,-8.808563128454079e-07,-1.5394832974221092e-06,0.0
93178140.33918634,-8.653462715796781e-07,-1.5385497714970711e-06,0.0
93271452.33918634,-8.499653260722858e-07,-1.5374720223790263e-06,0.0
93312000.0,-8.433221052680233e-07,-1.5369595875667202e-06,0.0
